id,source_name_ru,name_ru,name_en,url_base
reciter-001,Абдулла Камель,Абдулла Камель,Abdullah Kamel,https://server16.mp3quran.net/kamel/Rewayat-Hafs-A-n-Assem
reciter-002,Абдель Рахман Бенмусса,Абдель Рахман Бенмусса,Abdel Rahman Benmoussa,https://ia800608.us.archive.org/31/items/alfirdwsiy1433_gmail_46799767979696767967469644696496799201706
reciter-003,Абдул Хамид Эхсаин,Абдул Хамид Эхсаин,Abdul Hamid Ahsayn — Warsh,https://ia601009.us.archive.org/4/items/114-sora-abd-alhameed-ahsayn--quran-warsh-64kb
reciter-004,Абдель Муджиб Бенкиран,Абдель Муджиб Бенкиран,Abdelmoujib Benkirane,https://ia801906.us.archive.org/27/items/A_B_K
reciter-005,Абдул Халим Хусейн,Абдул Халим Хусейн,Abdulhalim Hussein,https://ia801506.us.archive.org/3/items/Abdualhaleem-Hussain
reciter-006,Абдул Басит Абдул Самад Тартиль,Абдул Басит Абдул Самад Тартиль,Abdulbasit Abdulsamad — Tarteel (Hafs),https://server7.mp3quran.net/basit
reciter-007,Абдул Басит Абдул Самад Таджвид,Абдул Басит Абдул Самад Таджвид,Abdulbasit Abdulsamad — Tajwid,https://server7.mp3quran.net/basit/Almusshaf-Al-Mojawwad
reciter-008,Абдул Басит Абдул Самад Варш,Абдул Басит Абдул Самад Варш,Abdulbasit Abdulsamad — Warsh,https://server7.mp3quran.net/basit/Rewayat-Warsh-A-n-Nafi
reciter-009,Абдельхади Канакри,Абдельхади Канакри,Abdulhadi Kanakeri,https://server6.mp3quran.net/kanakeri
reciter-010,Абдул Мохсен Аль Харти,Абдул Мохсен Аль Харти,Abdulmohsin Al-Harthy,https://server6.mp3quran.net/mohsin_harthi
reciter-011,Абдул Мохсен Аль-Касим,Абдул Мохсен Аль-Касим,Abdulmohsen Al-Qasim,https://server8.mp3quran.net/qasm
reciter-012,Абдул Рахман Аль Маджед,Абдул Рахман Аль Маджед,Abdulrahman Al-Majed,https://server10.mp3quran.net/a_majed
reciter-013,Абдул Рахман Аль-Авси,Абдул Рахман Аль-Авси,Abdulrahman Aloosi,https://server6.mp3quran.net/aloosi
reciter-014,Абдул Рахман Аль-Джуради,Абдул Рахман Аль-Джуради,Abdulrahman Al-Juraydi,https://ia803202.us.archive.org/10/items/aljrrayddi
reciter-015,Абдулрахман Альсудаис,Абдулрахман Альсудаис,Abdulrahman Alsudaes,https://server11.mp3quran.net/sds
reciter-016,Абдул Рашид Софи,Абдул Рашид Софи,Abdulrasheed Soufi,https://server16.mp3quran.net/soufi/Rewayat-Khalaf-A-n-Hamzah
reciter-017,Абдул Азиз Аль Ахмад,Абдул Азиз Аль Ахмад,Abdul Aziz Al-Ahmad,https://server11.mp3quran.net/a_ahmed
reciter-018,Абдулазиз Аль-Захрани,Абдулазиз Аль-Захрани,Abdulaziz Az-Zahrani,https://server9.mp3quran.net/zahrani
reciter-019,Абдул Бари Аль Тубаити,Абдул Бари Аль Тубаити,Abdelbari Al-Toubayti,https://server6.mp3quran.net/thubti
reciter-020,Абдул Кабир Аль Хадиди,Абдул Кабир Аль Хадиди,Abdul Kabir Al-Hadidi,https://ia801007.us.archive.org/15/items/mp3quran34
reciter-021,Абдуллах аль-Карафи,Абдуллах аль-Карафи,Abdullah Alqarafi,https://server16.mp3quran.net/a_alqrafi/Rewayat-Hafs-A-n-Assem
reciter-022,Абдулла Аль-Джухани,Абдулла Аль-Джухани,Abdullah Al-Juhani,https://ia903409.us.archive.org/26/items/s20sssssssssssssssssssssssss210418
reciter-023,Абдулла Аль Халаф,Абдулла Аль Халаф,Abdullah Al-Khalaf,https://ia800400.us.archive.org/27/items/alfirdwsiy1433_gmail_002_2679777666666666666666666666666666696794696901706
reciter-024,Абдулла Аль-Хелаифи,Абдулла Аль-Хелаифи,Abdullah Al-Khulaifi,https://ia804709.us.archive.org/9/items/rsalafs-Quran-alkhaleefy
reciter-025,Абдулла Матруд,Абдулла Матруд,Abdullah Al-Mattrod,https://server8.mp3quran.net/mtrod
reciter-026,Абдулла Аль Муса,Абдулла Аль Муса,Abdullah Al-Mousa,https://ia800206.us.archive.org/0/items/002_20240329
reciter-027,Абдулла Басфар,Абдулла Басфар,Abdullah Basfer,https://server6.mp3quran.net/bsfr
reciter-028,Абдулла Хаят,Абдулла Хаят,Abdullah Khayyat,https://server12.mp3quran.net/kyat
reciter-029,Абдул-Вадуд Ханиф,Абдул-Вадуд Ханиф,Abdulwadood Haneef,https://server8.mp3quran.net/wdod
reciter-030,Абдул Раззак аль-Дулайми,Абдул Раззак аль-Дулайми,Abdul Razzaq Al-Dulaimi,https://ia601308.us.archive.org/16/items/www.elahmad.com_46
reciter-031,Абу Бакр аль-Шатри,Абу Бакр аль-Шатри,Shaik Abu Bakr Al Shatri,https://server11.mp3quran.net/shatri
reciter-032,Адель Аль Калбани,Адель Аль Калбани,Adel Al-Khalbany,https://server8.mp3quran.net/a_klb
reciter-033,Адель Райан,Адель Райан,Adel Ryyan,https://server8.mp3quran.net/ryan
reciter-034,Ахмед Амер,Ахмед Амер,Ahmed Amer,https://server10.mp3quran.net/Aamer
reciter-035,Ахмад Альнуфаис,Ахмад Альнуфаис,Ahmad Al Nufais,https://server16.mp3quran.net/nufais/Rewayat-Hafs-A-n-Assem
reciter-036,Ахмед Наина,Ахмед Наина,Ahmad Nauina,https://server11.mp3quran.net/ahmad_nu
reciter-037,Ахмед Аль-Аджми,Ахмед Аль-Аджми,Ahmed Al-Ajmi,https://server10.mp3quran.net/ajm/128
reciter-038,Ахмед аль-Лахдан ад-Досари,Ахмед аль-Лахдан ад-Досари,Ahmad Al-Lahdan Al-Dosari,https://ia601708.us.archive.org/6/items/128---kb---mp3----quran---full---by---ahmad-allahdan
reciter-039,Ахмед Дибан,Ахмед Дибан,Ahmed Deeban,https://ia803000.us.archive.org/20/items/Z02_20190528
reciter-040,Ахмед Исса Аль-Масрави,Ахмед Исса Аль-Масрави,Ahmad Issa Al Maasaraawi,https://server16.mp3quran.net/a_maasaraawi/Rewayat-Hafs-A-n-Assem
reciter-041,Ахмед Касиб,Ахмед Касиб,Ahmad Kaseb,https://archive.org/download/Ahmad-Kaseb
reciter-042,Ахмед Халил Шахин,Ахмед Халил Шахин,Ahmad Shaheen,https://server16.mp3quran.net/shaheen/Rewayat-Hafs-A-n-Assem
reciter-043,Ахмед Мохамед Тахер,Ахмед Мохамед Тахер,Ahmed Mohamed Taher,https://ia800305.us.archive.org/15/items/853685368356853683568356853683568
reciter-044,Ахмед Насер,Ахмед Насер,Ahmed Nasser,https://ia903103.us.archive.org/19/items/xxxxxxxxxxxxxxxxxxxxxxxxxxx2_20191118_201911
reciter-045,Ахмед Хадер Трабелси,Ахмед Хадер Трабелси,Ahmed Al-trabulsi,https://server10.mp3quran.net/trabulsi
reciter-046,Акрам Аль-Алакми,Акрам Аль-Алакми,Akram Alalaqmi,https://server9.mp3quran.net/akrm
reciter-047,Аль-Амин Кунива,Аль-Амин Кунива,Mohammed Al-Amin Qeniwa,https://server16.mp3quran.net/qeniwa/Rewayat-Qalon-A-n-Nafi
reciter-048,Аль-Аюн Аль-Куши,Аль-Аюн Аль-Куши,Aloyoon Al-Koshi,https://server11.mp3quran.net/koshi
reciter-049,Ад-Дукали Мухаммад Аль-Алим,Ад-Дукали Мухаммад Аль-Алим,Addokali Mohammad Alalim,https://server7.mp3quran.net/dokali
reciter-050,Аль-Хосари с детьми,Аль-Хосари с детьми,Mahmoud Khalil Al-Hussary — Children’s Teaching,https://ia800902.us.archive.org/22/items/Al-Husaree_Almoalim
reciter-051,аль-Хосари Калун,аль-Хосари Калун,Mahmoud Khalil Al-Hussary — Qalun,https://ia801305.us.archive.org/10/items/qalooon-app-alhusari
reciter-052,Халил аль-Хосари Лорш,Халил аль-Хосари Лорш,Mahmoud Khalil Al-Hussary — Warsh,https://server13.mp3quran.net/husr/Rewayat-Warsh-A-n-Nafi
reciter-053,Махмуд Халил Аль-Хосари,Махмуд Халил Аль-Хосари,Mahmoud Khalil Al-Hussary,https://server13.mp3quran.net/husr
reciter-054,Аль-Хусари Таджвид,Аль-Хусари Таджвид,Mahmoud Khalil Al-Hussary — Tajwid,https://server13.mp3quran.net/husr/Almusshaf-Al-Mojawwad
reciter-055,Sıddık el-Minşavi,Мухаммад Сиддик аль-Миншави — Таджвид,Mohammed Siddiq Al-Minshawi — Tajwid,https://server10.mp3quran.net/minsh/Almusshaf-Al-Mojawwad
reciter-056,Аль-Зейн Мухаммад Ахмад,Аль-Зейн Мухаммад Ахмад,Alzain Mohammad Ahmad,https://server9.mp3quran.net/alzain
reciter-057,Фатех Аль-Зубайр,Фатех Аль-Зубайр,Alfateh Alzubair,https://server6.mp3quran.net/fateh
reciter-058,Али Аль-Худхайфи Калун,Али Аль-Худхайфи Калун,Ali Alhuthaifi — Qalun,https://server9.mp3quran.net/huthifi_qalon
reciter-059,Али Альходайфи,Али Альходайфи,Ali Alhuthaifi,https://server9.mp3quran.net/hthfi
reciter-060,Али Джабер,Али Джабер,Ali Jaber,https://server11.mp3quran.net/a_jbr
reciter-061,Шахат Анвар,Шахат Анвар,Shahhat Anwar,https://ia801201.us.archive.org/30/items/way2sona_20151219_2128
reciter-062,Шейх Амер Аль-Каземи,Шейх Амер Аль-Каземи,Sheikh Amer Al-Kazemi,https://ia801206.us.archive.org/31/items/Way2sona_20151221_1450
reciter-063,Аммар Луай Аль-Мула Али,Аммар Луай Аль-Мула Али,Ammar Louay Al-Mulla Ali,https://archive.org/compress/002_20250410
reciter-064,Анас Аль-Эмади,Анас Аль-Эмади,Anas Alemadi,https://server16.mp3quran.net/a_alemadi/Rewayat-Hafs-A-n-Assem
reciter-065,Анас Аль Майман,Анас Аль Майман,Anas Al-Maiman,https://ia800707.us.archive.org/1/items/alfirdwsiy1433_22_201812
reciter-066,Анас Джалхум,Анас Джалхум,Anas Galhoom,https://ia600801.us.archive.org/11/items/128kb-anas--galhoom-----mp3--full--mushaf--quran--114--sora--
reciter-067,Айман Сувайд,Айман Сувайд,Ayman Suwaid,https://dn720702.ca.archive.org/0/items/rabieaaa2019_yahoo_002458947
reciter-068,Бадр Аль-Турки,Бадр Аль-Турки,Bader Alturki,https://server10.mp3quran.net/bader/Rewayat-Hafs-A-n-Assem
reciter-069,Бандар Балила,Бандар Балила,Bandar Balilah,https://server6.mp3quran.net/balilah
reciter-070,Дауд Хамза,Дауд Хамза,Dawood Hamza,https://ia904709.us.archive.org/15/items/56kb--dawood---7amza-----mp3--full--mushaf--quran--114--sora---
reciter-071,Фахад Аль-Мутаири,Фахад Аль-Мутаири,Fahad Al-Mutairi,https://archive.org/compress/fahad-almutairi
reciter-072,Фейсал аль-Хаджри,Фейсал аль-Хаджри,Faisal Al-Hajry,https://server16.mp3quran.net/f_hajry/Rewayat-Hafs-A-n-Assem
reciter-073,Фарес Аббад,Фарес Аббад,Fares Abbad,https://server8.mp3quran.net/frs_a
reciter-074,Фатех Чолак,Фатех Чолак,Fatih Çollak,https://ia600205.us.archive.org/19/items/rabieaaa2015_yahoo_002132432
reciter-075,Фуад Хамри,Фуад Хамри,Fouad Alkhamery,https://server16.mp3quran.net/f_khamery/Rewayat-Hafs-A-n-Assem
reciter-076,Гассан Эль Шорбаджи,Гассан Эль Шорбаджи,Ghassan Al-Shorbagy,https://ia903403.us.archive.org/22/items/alfirdwsiy143NBVCXCRETYUTIUYIYITYTRE02_201712
reciter-077,Хади Туре,Хади Туре,Hadi Toure,https://ia801908.us.archive.org/1/items/hadi-turi
reciter-078,Хафиз Халиль Исмаил,Хафиз Халиль Исмаил,Hafiz Khalil Ismail,https://ia804602.us.archive.org/9/items/alfirdwsiy1433_gmail_002NNNNNNNNNNNNNNNN2463574_201711
reciter-079,Хаджадж аль-Хиндави,Хаджадж аль-Хиндави,Hajjaj Al-Hindawi,https://ia601508.us.archive.org/27/items/alfirdw65888888888888888888856865563568356gmail_002
reciter-080,Хамза алжирский,Хамза алжирский,Hamza Al-Jazairi,https://ia801208.us.archive.org/8/items/34734734732473247457
reciter-081,Хамза Альфар,Хамза Альфар,Hamza Alfar,https://ia801408.us.archive.org/6/items/002_20221105_202211
reciter-082,Хани Аль-Рифаи,Хани Аль-Рифаи,Hani Arrifai,https://server8.mp3quran.net/hani
reciter-083,Хасан Аль-Ваджди,Хасан Аль-Ваджди,Hassan Al-Wajdi,https://ia902800.us.archive.org/18/items/24--kb--hasan--alwagdy--mp3--full--mushaf--quran--114--sora-
reciter-084,Хасан Салех,Хасан Салех,Hassan Mohammed Saleh,https://ia903208.us.archive.org/21/items/hassan_mohaed_saleh
reciter-085,Хасан Салех Уорш,Хасан Салех Уорш,Hassan Mohammed Saleh — Warsh,https://ia600204.us.archive.org/6/items/Al-Quran_tilawat_Hassan_Mohammed_Saleh_Warsh
reciter-086,Хатем Фарид Аль-Ваер,Хатем Фарид Аль-Ваер,Hatem Fareed Alwaer,https://server11.mp3quran.net/hatem
reciter-087,Хишам Аль-Хараз,Хишам Аль-Хараз,Hicham Lharraz,https://server16.mp3quran.net/H-Lharraz/Rewayat-Warsh-A-n-Nafi
reciter-088,Аль-Хусейни Аль-Аззи,Аль-Хусейни Аль-Аззи,Al-Hussayni Al-Azazy,https://ia601209.us.archive.org/17/items/Al-Quran_tilawat_Al-Hussayni_Al-Azazy
reciter-089,Ибрагим Аль-Ахдар,Ибрагим Аль-Ахдар,Ibrahim Al-Akdar,https://server6.mp3quran.net/akdr
reciter-090,Ибрагим Аль-Асири,Ибрагим Аль-Асири,Ibrahim Al-Asiri,https://server6.mp3quran.net/3siri
reciter-091,Идрис Абкар,Идрис Абкар,Idrees Abkr,https://server6.mp3quran.net/abkr
reciter-092,Ильхан Ток,Ильхан Ток,Ilhan Tok,https://ia904508.us.archive.org/5/items/kquran.com__Elhan-Tok
reciter-093,Эмад Аль-Мансри,Эмад Аль-Мансри,Emad Al-Mansri,https://ia801909.us.archive.org/35/items/3imad
reciter-094,Имамы Каабы,Имамы Каабы,Imams of the Kaaba,https://ia903106.us.archive.org/19/items/alfirdwsiy2018_gmtttttqqttttttt
reciter-095,Исхак Датский,Исхак Датский,Ishak Danish,https://ia801309.us.archive.org/15/items/ishak_danish
reciter-096,Джазза ас-Сувайле,Джазза ас-Сувайле,Jazza Al-Suwailah,https://ia802901.us.archive.org/28/items/002yyy20y0425yyyyyyyyyyyyyyyyyyyyyyyyy
reciter-097,Карим Мансури,Карим Мансури,Karim Mansouri — Tajwid,https://ia802906.us.archive.org/5/items/kareem-mansoory-mogawwad-128kb-114-sorah-high-quality
reciter-098,Халед Абдель Кафи,Халед Абдель Кафи,Khalid Abdulkafi,https://server11.mp3quran.net/kafi
reciter-099,Халед Аль Джалиль,Халед Аль Джалиль,Khalid Al-Jileel,https://server10.mp3quran.net/jleel
reciter-100,Халед Аль-Муханна,Халед Аль-Муханна,Khalid Almohana,https://server11.mp3quran.net/mohna
reciter-101,Халед Аль-Кахтани,Халед Аль-Кахтани,Khaled Al-Qahtani,https://server10.mp3quran.net/qht
reciter-102,Халифа Аль Тунайджи,Халифа Аль Тунайджи,Khalifa Altunaiji,https://server12.mp3quran.net/tnjy
reciter-103,Халил ас-Сагир,Халил ас-Сагир,Khalil Al-Saghir,https://ia802905.us.archive.org/1/items/0ryy02_20200331_2020qeryeryeryeqry03
reciter-104,Махер Алмайкулай,Махер Алмайкулай,Maher Al Meaqli,https://server12.mp3quran.net/maher
reciter-105,Махер Алван,Махер Алван,Maher Alwan,https://ia803403.us.archive.org/10/items/002_202fffffffffffffffffff10418fffff
reciter-106,Махер Шахаширо,Махер Шахаширо,Maher Shakhashero,https://server10.mp3quran.net/shaksh
reciter-107,Махмуд Абдель Хакам,Махмуд Абдель Хакам,Mahmoud Abdul Hakam,https://ia800703.us.archive.org/35/items/Mahmood_Abdul_Hakam-Up-By-MusleM
reciter-108,Махмуд Али Аль-Банна,Махмуд Али Аль-Банна,Mahmoud Ali Al-Banna,https://archive.org/compress/golmami2005_yahoo_002_20180411_2112
reciter-109,Маджед аль-Замил,Маджед аль-Замил,Majed Al-Zamil,https://server9.mp3quran.net/zaml
reciter-110,Мансур Ас Салими,Мансур Ас Салими,Mansour Al-Salemi,https://server14.mp3quran.net/mansor
reciter-111,Майтхам аль-Тамар,Майтхам аль-Тамар,Maytham Al-Tammar,https://ia600107.us.archive.org/21/items/alfirdnbv54446i67656534323543544563432433_gmail_019_201801
reciter-112,Миншави с детьми,Миншави с детьми,Mohammed Siddiq Al-Minshawi — Children’s Teaching,https://ia801200.us.archive.org/23/items/quran-minshawi-child-repeat
reciter-113,Мишари Рашид Алафасы,Мишари Рашид Алафасы,Mishary Alafasi,https://server8.mp3quran.net/afs
reciter-114,Мохаммад Абд аль Карим,Мохаммад Абд аль Карим,Mohammad Abdullkarem,https://server12.mp3quran.net/m_krm
reciter-115,Мохамед Аюб,Мохамед Аюб,Mohammed Ayyub,https://server8.mp3quran.net/ayyub
reciter-116,Мохаммед Аль-Газали,Мохаммед Аль-Газали,Mohammed Al-Ghazali,https://ia601406.us.archive.org/16/items/Mohammed-Al-Ghazali
reciter-117,Мухаммад Хасан,Мухаммад Хасан,Muhammad Hassan,https://ia800305.us.archive.org/12/items/Mohamed-Hassan-Quran
reciter-118,Мустафа Аль-Аззави,Мустафа Аль-Аззави,Mustafa Raad Al-Azawi,https://server8.mp3quran.net/ra3ad
reciter-119,Аль-Султани,Аль-Султани,Al-Sultani,https://ia903108.us.archive.org/20/items/golmami2005_yahoo_002_20180413
reciter-120,Мухаммад Аль Факих,Мухаммад Аль Факих,Muhammad Al-Faqih,https://archive.org/download/002_20231230
reciter-121,Мохаммед аль-Бахит,Мохаммед аль-Бахит,Mohammed Al-Bukheet,https://server14.mp3quran.net/bukheet/Rewayat-Hafs-A-n-Assem
reciter-122,Мохаммед аль-Худаири,Мохаммед аль-Худаири,Mohammed Al-Hudairi,https://ia601305.us.archive.org/29/items/mohamed-elhodairi
reciter-123,Мохамед Эль Кантауи,Мохамед Эль Кантауи,Mohamed El Kantaoui,https://ia601004.us.archive.org/10/items/Elkantaoui002
reciter-124,Мохамед Элхидан,Мохамед Элхидан,Mohammed Al-Lohaidan,https://server8.mp3quran.net/lhdan
reciter-125,Мохаммед аль-Сабил,Мохаммед аль-Сабил,Mohammed Al-Subayyil,https://ia600806.us.archive.org/17/items/alfirdwsiy1433_gmail_002_reterytewreweqrryuutyrererew
reciter-126,Мухаммад Джибрил,Мухаммад Джибрил,Mohammed Jibreel,https://server8.mp3quran.net/jbrl
reciter-127,Мухаммад Рашад аш-Шариф,Мухаммад Рашад аш-Шариф,Muhammad Rashad Al-Sharif,https://ia802306.us.archive.org/33/items/golmami2005_yahoo_002_20180406
reciter-128,Мухаммад Сиддик аль-Миншави,Мухаммад Сиддик аль-Миншави,Mohammed Siddiq Al-Minshawi,https://server10.mp3quran.net/minsh
reciter-129,Мохамед Таблави,Мохамед Таблави,Mohammad Al-Tablaway,https://server12.mp3quran.net/tblawi
reciter-130,Мохаммед аль-Мухайсни,Мохаммед аль-Мухайсни,Mohammed Al-Muhasny,https://server11.mp3quran.net/mhsny
reciter-131,Мохамед Хусейн Амер,Мохамед Хусейн Амер,Mohamed Hussein Amer,https://ia801600.us.archive.org/14/items/mohammad-hosyn-3amer-quran-96kb-114-sorah
reciter-132,Мохамед Саид,Мохамед Саид,Mohammad Saayed,https://server16.mp3quran.net/m_sayed/Rewayat-Warsh-A-n-Nafi
reciter-133,Мустафа Гарби,Мустафа Гарби,Mustafa Gharbi,https://ia802900.us.archive.org/1/items/zzzzzzzzzzz002_20zzzzzx20z0407z
reciter-134,Мустафа Исмаил,Мустафа Исмаил,Mustafa Ismail,https://server8.mp3quran.net/mustafa
reciter-135,Шейх Мустафа Исмаил Таджвид,Шейх Мустафа Исмаил Таджвид,Mustafa Ismail — Tajwid,https://ia801002.us.archive.org/14/items/golmami2005_yahoo_002_20180409_1406
reciter-136,Мустафа Лахуни,Мустафа Лахуни,Mustafa Al-Lahoni,https://server6.mp3quran.net/lahoni
reciter-137,Набиль Аль-Рифаи,Набиль Аль-Рифаи,Nabil Al Rifay,https://server9.mp3quran.net/nabil
reciter-138,Насер Аль Катами,Насер Аль Катами,Nasser Alqatami,https://server6.mp3quran.net/qtm
reciter-139,Нима Аль-Хасан,Нима Аль-Хасан,Neamah Al-Hassan,https://server8.mp3quran.net/namh
reciter-140,Норин Мухаммад Седдик,Норин Мухаммад Седдик,Noreen Mohammad Siddiq,https://server16.mp3quran.net/nourin_siddig/Rewayat-Aldori-A-n-Abi-Amr
reciter-141,Обейда Муваффак,Обейда Муваффак,Obeida Muwaffaq,https://ia800103.us.archive.org/17/items/Obaida-muafaq
reciter-142,Омар Аль-Казбари,Омар Аль-Казбари,Omar Al-Qazabri,https://server9.mp3quran.net/omar_warsh
reciter-143,Пишва Кадир Аль-Курди,Пишва Кадир Аль-Курди,Peshawa Qadr Al-Kurdi,https://server16.mp3quran.net/peshawa/Rewayat-Hafs-A-n-Assem
reciter-144,Рашид Белахия,Рашид Белахия,Rachid Belahia,https://ia800404.us.archive.org/7/items/alfirdwsiy1433_gmaMMMMMMMMMMM35687468M2_201711
reciter-145,Рашид Белалия,Рашид Белалия,Rachid Belalia,https://ia903200.us.archive.org/19/items/422424247247247247247247yolyo2014_yahoo24_002
reciter-146,Райян Аль-Мухайсни,Райян Аль-Мухайсни,Rayyan Al-Muhaysini,https://ia800608.us.archive.org/6/items/002_20250107
reciter-147,Саад Аль-Гамди,Саад Аль-Гамди,Saad Al-Ghamdi,https://server7.mp3quran.net/s_gmd
reciter-148,Садакат Али,Садакат Али,Sadaqat Ali,https://ia800503.us.archive.org/16/items/Sadaqat-Ali-kz
reciter-149,Саид Хатиб,Саид Хатиб,Said Al-Khatib,https://ia800401.us.archive.org/35/items/Said-Akhateeb
reciter-150,Сахель Ясин,Сахель Ясин,Sahl Yassin,https://ia800306.us.archive.org/3/items/kquran.com__Sahl-Yassin
reciter-151,Салах Аль-Хашем,Салах Аль-Хашем,Salah Alhashim,https://server12.mp3quran.net/salah_hashim_m
reciter-152,Салах Аль-Джамаль,Салах Аль-Джамаль,Salah Al-Jamal,https://ia601502.us.archive.org/8/items/Salah_al-Jamal
reciter-153,Салах Аль Будаир,Салах Аль Будаир,Salah Albudair,https://server6.mp3quran.net/s_bud
reciter-154,Салах Баотман,Салах Баотман,Salah Baothman,https://ia903400.us.archive.org/29/items/002_20210aaaaaaaaaaaaaaaaaaaaaaaaaaaaaaa418a
reciter-155,Салах Бу Хатер,Салах Бу Хатер,Salah Bukhatir,https://server8.mp3quran.net/bu_khtr
reciter-156,Салех Аль-Сауд,Салех Аль-Сауд,Saleh Alsahood,https://server8.mp3quran.net/sahood
reciter-157,Салех Ахмед Салех,Салех Ахмед Салех,Salih Ahmed Salih — Al-Duri,https://ia600309.us.archive.org/7/items/Al-Quran_Dory_tilawat_Salih_Ahmed_Salih
reciter-158,Сальман Убайд аль-Мутайри,Сальман Убайд аль-Мутайри,Salman Obaid Al-Mutairi,https://archive.org/download/salman-obaid-al-mutairi
reciter-159,Сауд аш-Шураим,Сауд аш-Шураим,Saud Al-Shuraim,https://server7.mp3quran.net/shur
reciter-160,Шерзад Тахер,Шерзад Тахер,Shirazad Taher,https://server12.mp3quran.net/taher
reciter-161,Судайс и Шурайм,Судайс и Шурайм,Abdulrahman Al-Sudais & Saud Al-Shuraim,https://ia801504.us.archive.org/35/items/jam3_58
reciter-162,Тамим ар-Рими,Тамим ар-Рими,Tamim Al-Rimi,https://ia804505.us.archive.org/32/items/Tamim-Al-Rimi
reciter-163,Тауфик Аль-Сайег,Тауфик Аль-Сайег,Tawfeeq As-Sayegh,https://server6.mp3quran.net/twfeeq
reciter-164,Вадих Аль-Ямани,Вадих Аль-Ямани,Wadeea Al-Yamani,https://server6.mp3quran.net/wdee3
reciter-165,Яхья Хавва,Яхья Хавва,Yahya Hawwa,https://server12.mp3quran.net/yahya
reciter-166,Ясир ад-Досари,Ясир ад-Досари,Yasser Al-Dosari,https://archive.org/download/Yasser_Aldosari_MP3_Quran
reciter-167,Ясир аль-Кураши,Ясир аль-Кураши,Yasser Al-Qurashi,https://server9.mp3quran.net/qurashi
reciter-168,Ясир Салама,Ясир Салама,Yasser Salamah,https://server12.mp3quran.net/salamah/Rewayat-Hafs-A-n-Assem
reciter-169,Ясин аль-Джазари,Ясин аль-Джазари,Yasin Al-Jazairi,https://ia902802.us.archive.org/28/items/www.elahmad.com_69
reciter-170,Юсеф Аль Шувайе,Юсеф Аль Шувайе,Yousef Alshoaey,https://server9.mp3quran.net/yousef
reciter-171,Юсуф бин Ноа Ахмед,Юсуф бин Ноа Ахмед,Yousef Bin Noah Ahmad,https://server8.mp3quran.net/noah
reciter-172,Заки Дагестанский,Заки Дагестанский,Zaki Daghistani,https://server9.mp3quran.net/zaki
